source_id,target_key,trim,year_month,mileage_km,price_won
39554653,KOLEOS_HEV,1.5 E-TECH 아이코닉 2WD,2024-12,252,38600000
39556892,KOLEOS_HEV,1.5 E-TECH 아이코닉 2WD,2024-12,252,38600000
40618898,KOLEOS_HEV,1.5 E-TECH 에스프리 알핀 2WD,2025-03,21486,35400000
40620106,KOLEOS_HEV,1.5 E-TECH 에스프리 알핀 2WD,2025-03,21486,35400000
41122539,KOLEOS_HEV,1.5 E-TECH 아이코닉 2WD,2025-01,51318,31500000
41390894,KOLEOS_HEV,1.5 E-TECH 아이코닉 2WD,2026-01,500,33300000
41411492,KOLEOS_HEV,1.5 E-TECH 아이코닉 2WD,2024-09,9149,29500000
41486891,KOLEOS_HEV,1.5 E-TECH 아이코닉 2WD,2025-10,570,32060000
41528764,KOLEOS_HEV,1.5 E-TECH 아이코닉 2WD,2025-05,11863,32500000
41530628,KOLEOS_HEV,1.5 E-TECH 아이코닉 2WD,2025-05,11863,32500000
41537669,KOLEOS_HEV,1.5 E-TECH 에스프리 알핀 2WD,2024-09,5349,35800000
41544749,KOLEOS_HEV,1.5 E-TECH 에스프리 알핀 2WD,2024-09,5349,35800000
41556386,KOLEOS_HEV,1.5 E-TECH 아이코닉 2WD,2025-09,7600,30900000
41575667,KOLEOS_HEV,1.5 E-TECH 에스프리 알핀 2WD,2024-11,24457,28400000
41580933,KOLEOS_HEV,1.5 E-TECH 아이코닉 2WD,2025-02,17131,34200000
41634228,KOLEOS_HEV,1.5 E-TECH 에스프리 알핀 2WD,2024-10,22922,34300000
41642653,KOLEOS_HEV,1.5 E-TECH 아이코닉 2WD,2024-11,21460,33790000
41652788,KOLEOS_HEV,1.5 E-TECH 아이코닉 2WD,2024-11,21460,33790000
41675685,KOLEOS_HEV,1.5 E-TECH 에스프리 알핀 2WD,2024-10,10393,34990000
41684099,KOLEOS_HEV,1.5 E-TECH 에스프리 알핀 2WD,2024-10,10393,34990000
41693434,KOLEOS_HEV,1.5 E-TECH 에스프리 알핀 2WD,2024-11,39597,33500000
41710352,KOLEOS_HEV,1.5 E-TECH 아이코닉 2WD,2026-03,7,39900000
41715385,KOLEOS_HEV,1.5 E-TECH 아이코닉 2WD,2026-03,7,39900000
41730197,KOLEOS_HEV,1.5 E-TECH 에스프리 알핀 2WD,2025-01,13849,34500000
41731974,KOLEOS_HEV,1.5 E-TECH 에스프리 알핀 2WD,2025-01,13849,34500000
41804825,KOLEOS_HEV,1.5 E-TECH 에스프리 알핀 2WD,2024-09,29385,32990000
41807370,KOLEOS_HEV,1.5 E-TECH 에스프리 알핀 2WD,2024-11,6509,36300000
41812698,KOLEOS_HEV,1.5 E-TECH 에스프리 알핀 2WD,2024-09,29385,32990000
41813199,KOLEOS_HEV,1.5 E-TECH 에스프리 알핀 2WD,2024-11,6509,36300000
41817108,KOLEOS_HEV,1.5 E-TECH 에스프리 알핀 2WD,2025-01,9778,36500000
41834561,KOLEOS_HEV,1.5 E-TECH 아이코닉 2WD,2024-12,28696,32990000
41842977,KOLEOS_HEV,1.5 E-TECH 에스프리 알핀 2WD,2024-11,9634,33900000
41849962,KOLEOS_HEV,1.5 E-TECH 아이코닉 2WD,2024-12,28696,32990000
41851820,KOLEOS_HEV,1.5 E-TECH 에스프리 알핀 2WD,2024-11,9634,33900000
41861404,KOLEOS_HEV,1.5 E-TECH 아이코닉 2WD,2026-03,624,32400000
41864196,KOLEOS_HEV,1.5 E-TECH 아이코닉 2WD,2024-08,23343,31900000
41869188,KOLEOS_HEV,1.5 E-TECH 아이코닉 2WD,2024-08,23343,31900000
41871622,KOLEOS_HEV,1.5 E-TECH 아이코닉 2WD,2025-03,14243,31500000
41871865,KOLEOS_HEV,1.5 E-TECH 에스프리 알핀 2WD,2024-12,19792,33450000
41872787,KOLEOS_HEV,1.5 E-TECH 에스프리 알핀 2WD,2024-12,19792,33450000
41880249,KOLEOS_HEV,1.5 E-TECH 에스프리 알핀 2WD,2024-09,22090,34000000
41884549,KOLEOS_HEV,1.5 E-TECH 에스프리 알핀 2WD,2024-09,22090,34000000
41885026,KOLEOS_HEV,1.5 E-TECH 에스프리 알핀 2WD,2024-12,8930,36800000
41889324,KOLEOS_HEV,1.5 E-TECH 에스프리 알핀 2WD,2024-12,8930,36800000
41893874,KOLEOS_HEV,1.5 E-TECH 에스프리 알핀 2WD,2025-09,8562,38490000
41894550,KOLEOS_HEV,1.5 E-TECH 에스프리 알핀 2WD,2025-09,8562,38490000
41902525,KOLEOS_HEV,1.5 E-TECH 아이코닉 2WD,2024-12,12174,32500000
41904371,KOLEOS_HEV,1.5 E-TECH 아이코닉 2WD,2024-12,12174,32500000
41904569,KOLEOS_HEV,1.5 E-TECH 아이코닉 2WD,2025-07,3496,34490000
41908366,KOLEOS_HEV,1.5 E-TECH 에스프리 알핀 2WD,2024-12,39792,34500000
41911346,KOLEOS_HEV,1.5 E-TECH 아이코닉 2WD,2025-07,3496,34490000
41913204,KOLEOS_HEV,1.5 E-TECH 아이코닉 2WD,2025-05,24733,33000000
41914842,KOLEOS_HEV,1.5 E-TECH 에스프리 알핀 2WD,2024-12,15087,34500000
41924706,KOLEOS_HEV,1.5 E-TECH 에스프리 알핀 2WD,2024-12,15087,34500000
41946182,KOLEOS_HEV,1.5 E-TECH 아이코닉 2WD,2025-03,6200,24260000
41961697,KOLEOS_HEV,1.5 E-TECH 아이코닉 2WD,2024-11,26918,31700000
41964111,KOLEOS_HEV,1.5 E-TECH 아이코닉 2WD,2024-11,26918,31700000
41967112,KOLEOS_HEV,1.5 E-TECH 에스프리 알핀 2WD,2025-01,5037,35000000
41977528,KOLEOS_HEV,1.5 E-TECH 에스프리 알핀 2WD,2025-01,5037,35000000
42014796,KOLEOS_HEV,1.5 E-TECH 아이코닉 2WD,2024-11,37675,31300000
42014959,KOLEOS_HEV,1.5 E-TECH 에스프리 알핀 2WD,2025-06,14783,35500000
42016736,KOLEOS_HEV,1.5 E-TECH 아이코닉 2WD,2025-06,23554,36990000
42028114,KOLEOS_HEV,1.5 E-TECH 아이코닉 2WD,2024-11,37675,31300000
42046657,KOLEOS_HEV,1.5 E-TECH 아이코닉 2WD,2025-01,31777,30500000
42047161,KOLEOS_HEV,1.5 E-TECH 에스프리 알핀 2WD,2025-06,11550,35200000
42047175,KOLEOS_HEV,1.5 E-TECH 아이코닉 2WD,2024-09,18877,33900000
42057158,KOLEOS_HEV,1.5 E-TECH 에스프리 알핀 2WD,2025-06,11550,35200000
42059710,KOLEOS_HEV,1.5 E-TECH 아이코닉 2WD,2024-09,18877,33900000
42064508,KOLEOS_HEV,1.5 E-TECH 아이코닉 2WD,2025-07,11837,33900000
42064992,KOLEOS_HEV,1.5 E-TECH 아이코닉 2WD,2025-07,11837,33900000
42066844,KOLEOS_HEV,1.5 E-TECH 에스프리 알핀 2WD,2025-02,15384,32900000
42070962,KOLEOS_HEV,1.5 E-TECH 아이코닉 2WD,2025-07,8321,34990000
42074192,KOLEOS_HEV,1.5 E-TECH 아이코닉 2WD,2025-07,8321,34990000
42094696,KOLEOS_HEV,1.5 E-TECH 에스프리 알핀 2WD,2024-12,18262,34500000
42103021,KOLEOS_HEV,1.5 E-TECH 아이코닉 2WD,2025-03,13500,34500000
42109483,KOLEOS_HEV,1.5 E-TECH 아이코닉 2WD,2024-12,10000,33600000
42115217,KOLEOS_HEV,1.5 E-TECH 아이코닉 2WD,2026-04,1,22560000
42116832,KOLEOS_HEV,1.5 E-TECH 아이코닉 2WD,2024-12,10000,33600000
42117856,KOLEOS_HEV,1.5 E-TECH 아이코닉 2WD,2026-04,1,22560000
42142110,KOLEOS_HEV,1.5 E-TECH 아이코닉 2WD,2026-01,9832,34700000
42142528,KOLEOS_HEV,1.5 E-TECH 아이코닉 2WD,2026-01,9832,34700000
42143099,KOLEOS_HEV,1.5 E-TECH 아이코닉 2WD,2024-12,25787,28300000
42146278,KOLEOS_HEV,1.5 E-TECH 에스프리 알핀 2WD,2025-03,19014,36500000
42155969,KOLEOS_HEV,1.5 E-TECH 아이코닉 2WD,2024-12,25787,28300000
42162787,KOLEOS_HEV,1.5 E-TECH 아이코닉 2WD,2024-12,43574,30500000
42166932,KOLEOS_HEV,1.5 E-TECH 아이코닉 2WD,2024-12,43574,30500000
42173891,KOLEOS_HEV,1.5 E-TECH 아이코닉 2WD,2024-11,44745,28400000
42179664,KOLEOS_HEV,1.5 E-TECH 아이코닉 2WD,2026-04,1,23520000
42180994,KOLEOS_HEV,1.5 E-TECH 아이코닉 2WD,2026-06,5,24480000
42181099,KOLEOS_HEV,1.5 E-TECH 에스프리 알핀 2WD,2025-09,13000,38300000
42182369,KOLEOS_HEV,1.5 E-TECH 에스프리 알핀 2WD,2025-06,32066,31500000
42187407,KOLEOS_HEV,1.5 E-TECH 에스프리 알핀 2WD,2024-09,24665,31700000
42192779,KOLEOS_HEV,1.5 E-TECH 에스프리 알핀 2WD,2024-12,24277,32800000
42196934,KOLEOS_HEV,1.5 E-TECH 아이코닉 2WD,2026-04,1,22560000
42198005,KOLEOS_HEV,1.5 E-TECH 에스프리 알핀 2WD,2024-09,24665,31700000
42201954,KOLEOS_HEV,1.5 E-TECH 아이코닉 2WD,2026-04,1,22560000
42203885,KOLEOS_HEV,1.5 E-TECH 아이코닉 2WD,2026-03,1,22560000
42215478,KOLEOS_HEV,1.5 E-TECH 에스프리 알핀 2WD,2025-06,13666,35990000
42218776,KOLEOS_HEV,1.5 E-TECH 아이코닉 2WD,2025-02,15280,32300000
42229423,KOLEOS_HEV,1.5 E-TECH 아이코닉 2WD,2025-02,15280,32300000
42232238,KOLEOS_HEV,1.5 E-TECH 아이코닉 2WD,2024-10,30316,31500000
42233030,KOLEOS_HEV,1.5 E-TECH 아이코닉 2WD,2026-06,5,24000000
42234102,KOLEOS_HEV,1.5 E-TECH 에스프리 알핀 2WD,2024-10,79251,27990000
42244206,KOLEOS_HEV,1.5 E-TECH 에스프리 알핀 2WD,2024-10,79251,27990000
42251585,KOLEOS_HEV,1.5 E-TECH 아이코닉 2WD,2025-10,20450,34600000
42251587,KOLEOS_HEV,1.5 E-TECH 아이코닉 2WD,2025-10,20450,34600000
42252189,KOLEOS_HEV,1.5 E-TECH 아이코닉 2WD,2024-12,15806,26990000
42260508,KOLEOS_HEV,1.5 E-TECH 아이코닉 2WD,2025-09,7100,29900000
42265392,KOLEOS_HEV,1.5 E-TECH 아이코닉 2WD,2024-12,68208,28490000
42275202,KOLEOS_HEV,1.5 E-TECH 에스카파드 2WD,2025-11,8693,38990000
42280328,KOLEOS_HEV,1.5 E-TECH 아이코닉 2WD,2024-12,68208,28490000
42282191,KOLEOS_HEV,1.5 E-TECH 에스카파드 2WD,2025-11,8693,38990000
42292860,KOLEOS_HEV,1.5 E-TECH 아이코닉 2WD,2025-10,13647,16830000
42296326,KOLEOS_HEV,1.5 E-TECH 아이코닉 2WD,2026-01,8902,34800000
42297032,KOLEOS_HEV,1.5 E-TECH 에스프리 알핀 2WD,2024-09,9959,34900000
42298323,KOLEOS_HEV,1.5 E-TECH 에스프리 알핀 2WD,2024-09,9959,34900000
42305497,KOLEOS_HEV,1.5 E-TECH 아이코닉 2WD,2026-01,8902,34800000
42337971,KOLEOS_HEV,1.5 E-TECH 에스프리 알핀 2WD,2025-07,21256,34600000
42351454,KOLEOS_HEV,1.5 E-TECH 에스프리 알핀 2WD,2025-07,21256,34600000
42357381,KOLEOS_HEV,1.5 E-TECH 아이코닉 2WD,2024-12,33133,32990000
42362375,KOLEOS_HEV,1.5 E-TECH 아이코닉 2WD,2024-12,24987,33800000
42364232,KOLEOS_HEV,1.5 E-TECH 아이코닉 2WD,2025-07,23513,33900000
42365398,KOLEOS_HEV,1.5 E-TECH 아이코닉 2WD,2024-12,24987,33800000
42365640,KOLEOS_HEV,1.5 E-TECH 에스프리 알핀 2WD,2025-01,22186,34500000
42366154,KOLEOS_HEV,1.5 E-TECH 아이코닉 2WD,2024-12,33133,32990000
42370970,KOLEOS_HEV,1.5 E-TECH 아이코닉 2WD,2025-06,38078,32500000
42373828,KOLEOS_HEV,1.5 E-TECH 아이코닉 2WD,2025-06,38078,32500000
42374259,KOLEOS_HEV,1.5 E-TECH 아이코닉 2WD,2025-03,5157,33490000
42377034,KOLEOS_HEV,1.5 E-TECH 아이코닉 2WD,2025-03,5157,33490000
42380646,KOLEOS_HEV,1.5 E-TECH 아이코닉 2WD,2025-01,3552,37300000
42380647,KOLEOS_HEV,1.5 E-TECH 아이코닉 2WD,2025-01,3552,37300000
42382444,KOLEOS_HEV,1.5 E-TECH 아이코닉 2WD,2025-06,4976,37200000
42382469,KOLEOS_HEV,1.5 E-TECH 아이코닉 2WD,2025-06,4976,37200000
42399586,KOLEOS_HEV,1.5 E-TECH 에스프리 알핀 2WD,2025-05,26064,35500000
42400084,KOLEOS_HEV,1.5 E-TECH 에스프리 알핀 2WD,2024-10,17689,33990000
42404559,KOLEOS_HEV,1.5 E-TECH 아이코닉 2WD,2024-12,35000,26700000
42408402,KOLEOS_HEV,1.5 E-TECH 에스프리 알핀 2WD,2024-10,17689,33990000
42408492,KOLEOS_HEV,1.5 E-TECH 에스프리 알핀 2WD,2025-08,18899,35800000
42408501,KOLEOS_HEV,1.5 E-TECH 에스프리 알핀 2WD,2025-08,18899,35800000
42408679,KOLEOS_HEV,1.5 E-TECH 아이코닉 2WD,2024-09,72859,29900000
42408899,KOLEOS_HEV,1.5 E-TECH 에스프리 알핀 2WD,2025-05,26064,35500000
42409746,KOLEOS_HEV,1.5 E-TECH 에스프리 알핀 2WD,2025-08,24401,35300000
42411168,KOLEOS_HEV,1.5 E-TECH 에스프리 알핀 2WD,2024-11,18403,34500000
42411366,KOLEOS_HEV,1.5 E-TECH 에스프리 알핀 2WD,2025-08,24401,35300000
42412303,KOLEOS_HEV,1.5 E-TECH 에스프리 알핀 2WD,2024-11,24851,32900000
42414670,KOLEOS_HEV,1.5 E-TECH 아이코닉 2WD,2025-01,12770,32900000
42414911,KOLEOS_HEV,1.5 E-TECH 아이코닉 2WD,2025-04,30503,33400000
42416609,KOLEOS_HEV,1.5 E-TECH 아이코닉 2WD,2025-02,15006,34800000
42417054,KOLEOS_HEV,1.5 E-TECH 아이코닉 2WD,2025-02,15006,34800000
42419628,KOLEOS_HEV,1.5 E-TECH 에스프리 알핀 2WD,2024-11,24851,32900000
42420977,KOLEOS_HEV,1.5 E-TECH 아이코닉 2WD,2024-09,72859,29900000
42421353,KOLEOS_HEV,1.5 E-TECH 에스프리 알핀 2WD,2025-07,25194,34900000
42435207,KOLEOS_HEV,1.5 E-TECH 에스프리 알핀 2WD,2025-04,10706,35500000
42437983,KOLEOS_HEV,1.5 E-TECH 에스프리 알핀 2WD,2025-04,10706,35500000
42440016,KOLEOS_HEV,1.5 E-TECH 에스프리 알핀 2WD,2026-01,10,43000000
42442988,KOLEOS_HEV,1.5 E-TECH 에스프리 알핀 2WD,2025-08,7946,38900000
42446635,KOLEOS_HEV,1.5 E-TECH 아이코닉 2WD,2026-02,12879,29900000
42449686,KOLEOS_HEV,1.5 E-TECH 아이코닉 2WD,2024-11,17000,32200000
42452582,KOLEOS_HEV,1.5 E-TECH 에스프리 알핀 2WD,2025-08,7946,38900000
42458334,KOLEOS_HEV,1.5 E-TECH 에스프리 알핀 2WD,2025-03,43705,31200000
42459571,KOLEOS_HEV,1.5 E-TECH 아이코닉 2WD,2026-04,4069,37500000
42459572,KOLEOS_HEV,1.5 E-TECH 아이코닉 2WD,2026-04,4069,37500000
42459786,KOLEOS_HEV,1.5 E-TECH 에스프리 알핀 2WD,2024-12,55763,30500000
42462025,KOLEOS_HEV,1.5 E-TECH 에스프리 알핀 2WD,2025-03,43705,31200000
42462070,KOLEOS_HEV,1.5 E-TECH 에스프리 알핀 2WD,2024-12,19514,23900000
42463499,KOLEOS_HEV,1.5 E-TECH 아이코닉 2WD,2024-12,42639,29700000
42463826,KOLEOS_HEV,1.5 E-TECH 에스프리 알핀 2WD,2024-09,39048,32500000
42465426,KOLEOS_HEV,1.5 E-TECH 에스프리 알핀 2WD,2025-08,18106,35200000
42465898,KOLEOS_HEV,1.5 E-TECH 에스프리 알핀 2WD,2025-08,18106,35200000
42467748,KOLEOS_HEV,1.5 E-TECH 에스프리 알핀 2WD,2024-09,39048,32500000
42470107,KOLEOS_HEV,1.5 E-TECH 아이코닉 2WD,2025-02,12922,36500000
42470331,KOLEOS_HEV,1.5 E-TECH 아이코닉 2WD,2025-02,12922,36500000
42473896,KOLEOS_HEV,1.5 E-TECH 아이코닉 2WD,2024-12,40835,33500000
42473898,KOLEOS_HEV,1.5 E-TECH 아이코닉 2WD,2024-12,40835,33500000
42478572,KOLEOS_HEV,1.5 E-TECH 에스프리 알핀 2WD,2024-10,32980,33000000
42482002,KOLEOS_HEV,1.5 E-TECH 아이코닉 2WD,2025-03,51151,31700000
42485133,KOLEOS_HEV,1.5 E-TECH 에스프리 알핀 2WD,2025-12,7845,39900000
42485135,KOLEOS_HEV,1.5 E-TECH 에스프리 알핀 2WD,2025-12,7845,39900000
42486904,KOLEOS_HEV,1.5 E-TECH 아이코닉 2WD,2026-04,1,23520000
42487142,KOLEOS_HEV,1.5 E-TECH 아이코닉 2WD,2026-04,1,23520000
42490971,KOLEOS_HEV,1.5 E-TECH 아이코닉 2WD,2025-03,51151,31700000
42494729,KOLEOS_HEV,1.5 E-TECH 아이코닉 2WD,2024-11,3721,33800000
42494958,KOLEOS_HEV,1.5 E-TECH 아이코닉 2WD,2025-02,12200,33500000
42495620,KOLEOS_HEV,1.5 E-TECH 아이코닉 2WD,2024-11,3721,33800000
42497459,KOLEOS_HEV,1.5 E-TECH 아이코닉 2WD,2026-04,2554,36700000
42497462,KOLEOS_HEV,1.5 E-TECH 에스프리 알핀 2WD,2024-10,33900,30900000
42500508,KOLEOS_HEV,1.5 E-TECH 아이코닉 2WD,2026-06,6,21620000
42504323,KOLEOS_HEV,1.5 E-TECH 에스프리 알핀 2WD,2025-01,36190,31400000
42505005,KOLEOS_HEV,1.5 E-TECH 아이코닉 2WD,2026-04,2554,36700000
42505007,KOLEOS_HEV,1.5 E-TECH 아이코닉 2WD,2025-02,10541,35800000
42505009,KOLEOS_HEV,1.5 E-TECH 아이코닉 2WD,2025-02,10541,35800000
42505291,KOLEOS_HEV,1.5 E-TECH 에스프리 알핀 2WD,2025-01,36190,31400000
42507933,KOLEOS_HEV,1.5 E-TECH 에스프리 알핀 2WD,2024-12,28000,34700000
42516105,KOLEOS_HEV,1.5 E-TECH 에스프리 알핀 2WD,2024-11,11736,33400000
42516112,KOLEOS_HEV,1.5 E-TECH 에스프리 알핀 누아르 2WD,2025-04,30504,38500000
42516697,KOLEOS_HEV,1.5 E-TECH 아이코닉 2WD,2025-08,8814,33000000
42517465,KOLEOS_HEV,1.5 E-TECH 에스프리 알핀 2WD,2024-11,11736,33400000
42517987,KOLEOS_HEV,1.5 E-TECH 에스프리 알핀 누아르 2WD,2025-04,30504,38500000
42520259,KOLEOS_HEV,1.5 E-TECH 아이코닉 2WD,2024-10,34145,33700000
42520406,KOLEOS_HEV,1.5 E-TECH 아이코닉 2WD,2025-08,8814,33000000
42520647,KOLEOS_HEV,1.5 E-TECH 에스프리 알핀 2WD,2025-01,22987,33500000
42522805,KOLEOS_HEV,1.5 E-TECH 아이코닉 2WD,2024-10,34145,33700000
42522956,KOLEOS_HEV,1.5 E-TECH 에스프리 알핀 2WD,2025-01,22987,33500000
